map,map_path,size,emitters_total,emitter_fraction,islands,islands_ge_min,island_size_median,island_size_max,mean_dist_to_food,max_dist_to_food,mean_island_spacing,open_regions,open_regions_all,largest_open_fraction,emitters_type1,emitters_type2,emitters_type3,switch_cost,dist_to_2nd_type,types_measured,food_types_present,diet_penalty_exponent,diet_penalty_strength,meat_nutrition,predation_enabled,map_sha1,metrics_version
map_500_d05_dietp000,maps/diet_sweep/map_500_d05_dietp000.json,500,672,0.00269,3,3,224,224,76.47,215,206.17,4,4,0.955,224,224,224,92.3,168.78,3,3,0.0,1.0,1.0,False,b62fad612da7,1
map_500_d05_dietp050,maps/diet_sweep/map_500_d05_dietp050.json,500,672,0.00269,3,3,224,224,76.47,215,206.17,4,4,0.955,224,224,224,92.3,168.78,3,3,0.5,1.0,1.0,False,b62fad612da7,1
map_500_d05_dietp100,maps/diet_sweep/map_500_d05_dietp100.json,500,672,0.00269,3,3,224,224,76.47,215,206.17,4,4,0.955,224,224,224,92.3,168.78,3,3,1.0,1.0,1.0,False,b62fad612da7,1
map_500_d05_dietp150,maps/diet_sweep/map_500_d05_dietp150.json,500,672,0.00269,3,3,224,224,76.47,215,206.17,4,4,0.955,224,224,224,92.3,168.78,3,3,1.5,1.0,1.0,False,b62fad612da7,1
map_500_d05_dietp200,maps/diet_sweep/map_500_d05_dietp200.json,500,672,0.00269,3,3,224,224,76.47,215,206.17,4,4,0.955,224,224,224,92.3,168.78,3,3,2.0,1.0,1.0,False,b62fad612da7,1
map_500_d05_predation_dietp000,maps/diet_sweep/map_500_d05_predation_dietp000.json,500,672,0.00269,3,3,224,224,76.47,215,206.17,4,4,0.955,224,224,224,92.3,168.78,3,3,0.0,1.0,1.0,True,b62fad612da7,1
map_500_d05_predation_dietp050,maps/diet_sweep/map_500_d05_predation_dietp050.json,500,672,0.00269,3,3,224,224,76.47,215,206.17,4,4,0.955,224,224,224,92.3,168.78,3,3,0.5,1.0,1.0,True,b62fad612da7,1
map_500_d05_predation_dietp100,maps/diet_sweep/map_500_d05_predation_dietp100.json,500,672,0.00269,3,3,224,224,76.47,215,206.17,4,4,0.955,224,224,224,92.3,168.78,3,3,1.0,1.0,1.0,True,b62fad612da7,1
map_500_d05_predation_dietp150,maps/diet_sweep/map_500_d05_predation_dietp150.json,500,672,0.00269,3,3,224,224,76.47,215,206.17,4,4,0.955,224,224,224,92.3,168.78,3,3,1.5,1.0,1.0,True,b62fad612da7,1
map_500_d05_predation_dietp200,maps/diet_sweep/map_500_d05_predation_dietp200.json,500,672,0.00269,3,3,224,224,76.47,215,206.17,4,4,0.955,224,224,224,92.3,168.78,3,3,2.0,1.0,1.0,True,b62fad612da7,1
map_500_d01,maps/map_500_d01.json,500,672,0.00269,3,3,224,224,104.91,215,73.06,4,4,0.955,224,224,224,33.2,138.11,3,3,1.0,1.0,1.0,False,f28e4bd83d65,1
map_500_d01_predation,maps/map_500_d01_predation.json,500,672,0.00269,3,3,224,224,104.91,215,73.06,4,4,0.955,224,224,224,33.2,138.11,3,3,1.0,1.0,1.0,True,f28e4bd83d65,1
map_500_d02,maps/map_500_d02.json,500,672,0.00269,3,3,224,224,94.81,215,106.35,4,4,0.955,224,224,224,48.69,143.5,3,3,1.0,1.0,1.0,False,4fca92577b60,1
map_500_d02_predation,maps/map_500_d02_predation.json,500,672,0.00269,3,3,224,224,94.81,215,106.35,4,4,0.955,224,224,224,48.69,143.5,3,3,1.0,1.0,1.0,True,4fca92577b60,1
map_500_d03,maps/map_500_d03.json,500,672,0.00269,3,3,224,224,86.74,215,139.79,4,4,0.955,224,224,224,63.69,150.43,3,3,1.0,1.0,1.0,False,8f9abb15c011,1
map_500_d03_predation,maps/map_500_d03_predation.json,500,672,0.00269,3,3,224,224,86.74,215,139.79,4,4,0.955,224,224,224,63.69,150.43,3,3,1.0,1.0,1.0,True,8f9abb15c011,1
map_500_d04,maps/map_500_d04.json,500,672,0.00269,3,3,224,224,80.54,215,173.4,4,4,0.955,224,224,224,78.53,159.07,3,3,1.0,1.0,1.0,False,46e1610810ce,1
map_500_d04_predation,maps/map_500_d04_predation.json,500,672,0.00269,3,3,224,224,80.54,215,173.4,4,4,0.955,224,224,224,78.53,159.07,3,3,1.0,1.0,1.0,True,46e1610810ce,1
map_500_d05,maps/map_500_d05.json,500,672,0.00269,3,3,224,224,76.47,215,206.17,4,4,0.955,224,224,224,92.3,168.78,3,3,1.0,1.0,1.0,False,b62fad612da7,1
map_500_d05_predation,maps/map_500_d05_predation.json,500,672,0.00269,3,3,224,224,76.47,215,206.17,4,4,0.955,224,224,224,92.3,168.78,3,3,1.0,1.0,1.0,True,b62fad612da7,1
map_500_d06,maps/map_500_d06.json,500,672,0.00269,3,3,224,224,74.36,215,239.27,4,4,0.955,224,224,224,105.15,179.51,3,3,1.0,1.0,1.0,False,98dcc52dcc38,1
map_500_d06_predation,maps/map_500_d06_predation.json,500,672,0.00269,3,3,224,224,74.36,215,239.27,4,4,0.955,224,224,224,105.15,179.51,3,3,1.0,1.0,1.0,True,98dcc52dcc38,1
map_500_d07,maps/map_500_d07.json,500,672,0.00269,3,3,224,224,74.16,215,272.42,4,4,0.955,224,224,224,117.23,191.39,3,3,1.0,1.0,1.0,False,0a1eb636c30c,1
map_500_d07_predation,maps/map_500_d07_predation.json,500,672,0.00269,3,3,224,224,74.16,215,272.42,4,4,0.955,224,224,224,117.23,191.39,3,3,1.0,1.0,1.0,True,0a1eb636c30c,1
map_500_d08,maps/map_500_d08.json,500,672,0.00269,3,3,224,224,75.97,215,306.0,4,4,0.955,224,224,224,127.76,203.73,3,3,1.0,1.0,1.0,False,8d5156728818,1
map_500_d08_predation,maps/map_500_d08_predation.json,500,672,0.00269,3,3,224,224,75.97,215,306.0,4,4,0.955,224,224,224,127.76,203.73,3,3,1.0,1.0,1.0,True,8d5156728818,1
map_500_d09,maps/map_500_d09.json,500,672,0.00269,3,3,224,224,79.71,215,339.61,4,4,0.955,224,224,224,137.25,216.97,3,3,1.0,1.0,1.0,False,dc4a01c7396d,1
map_500_d09_predation,maps/map_500_d09_predation.json,500,672,0.00269,3,3,224,224,79.71,215,339.61,4,4,0.955,224,224,224,137.25,216.97,3,3,1.0,1.0,1.0,True,dc4a01c7396d,1
map_500_d10,maps/map_500_d10.json,500,672,0.00269,3,3,224,224,85.11,215,372.24,4,4,0.955,224,224,224,145.23,230.34,3,3,1.0,1.0,1.0,False,96be37bac9c5,1
map_500_d10_predation,maps/map_500_d10_predation.json,500,672,0.00269,3,3,224,224,85.11,215,372.24,4,4,0.955,224,224,224,145.23,230.34,3,3,1.0,1.0,1.0,True,96be37bac9c5,1
map_500_d05_predation_meat025,maps/meat_sweep/map_500_d05_predation_meat025.json,500,672,0.00269,3,3,224,224,76.47,215,206.17,4,4,0.955,224,224,224,92.3,168.78,3,3,1.0,1.0,0.25,True,b62fad612da7,1
map_500_d05_predation_meat050,maps/meat_sweep/map_500_d05_predation_meat050.json,500,672,0.00269,3,3,224,224,76.47,215,206.17,4,4,0.955,224,224,224,92.3,168.78,3,3,1.0,1.0,0.5,True,b62fad612da7,1
map_500_d05_predation_meat075,maps/meat_sweep/map_500_d05_predation_meat075.json,500,672,0.00269,3,3,224,224,76.47,215,206.17,4,4,0.955,224,224,224,92.3,168.78,3,3,1.0,1.0,0.75,True,b62fad612da7,1
map_500_d05_predation_meat100,maps/meat_sweep/map_500_d05_predation_meat100.json,500,672,0.00269,3,3,224,224,76.47,215,206.17,4,4,0.955,224,224,224,92.3,168.78,3,3,1.0,1.0,1.0,True,b62fad612da7,1
map_500_d05_predation_meat125,maps/meat_sweep/map_500_d05_predation_meat125.json,500,672,0.00269,3,3,224,224,76.47,215,206.17,4,4,0.955,224,224,224,92.3,168.78,3,3,1.0,1.0,1.25,True,b62fad612da7,1
map_500_d05_predation_meat150,maps/meat_sweep/map_500_d05_predation_meat150.json,500,672,0.00269,3,3,224,224,76.47,215,206.17,4,4,0.955,224,224,224,92.3,168.78,3,3,1.0,1.0,1.5,True,b62fad612da7,1
map_500_d05_predation_meat200,maps/meat_sweep/map_500_d05_predation_meat200.json,500,672,0.00269,3,3,224,224,76.47,215,206.17,4,4,0.955,224,224,224,92.3,168.78,3,3,1.0,1.0,2.0,True,b62fad612da7,1
rand_500_r025_e0448_n2,maps/random_near/rand_500_r025_e0448_n2.json,500,448,0.00179,6,5,81,116,79.03,212,117.26,3,5,0.997,188,88,172,56.94,135.97,3,3,1,1,1,False,0ed94fc58e35,1
rand_500_r025_e0448_n2_predation,maps/random_near/rand_500_r025_e0448_n2_predation.json,500,448,0.00179,6,5,81,116,79.03,212,117.26,3,5,0.997,188,88,172,56.94,135.97,3,3,1,1,1,True,0ed94fc58e35,1
rand_500_r025_e0672_n1,maps/random_near/rand_500_r025_e0672_n1.json,500,672,0.00269,4,4,146,387,90.9,240,171.43,5,5,0.995,192,387,93,71.72,162.62,3,3,1,1,1,False,059d9d7a19f7,1
rand_500_r025_e0672_n1_predation,maps/random_near/rand_500_r025_e0672_n1_predation.json,500,672,0.00269,4,4,146,387,90.9,240,171.43,5,5,0.995,192,387,93,71.72,162.62,3,3,1,1,1,True,059d9d7a19f7,1
rand_500_r025_e0672_n2,maps/random_near/rand_500_r025_e0672_n2.json,500,672,0.00269,8,7,87,130,68.48,190,117.6,6,6,0.994,260,280,132,55.97,124.44,3,3,1,1,1,False,e75443f152fc,1
rand_500_r025_e0672_n2_predation,maps/random_near/rand_500_r025_e0672_n2_predation.json,500,672,0.00269,8,7,87,130,68.48,190,117.6,6,6,0.994,260,280,132,55.97,124.44,3,3,1,1,1,True,e75443f152fc,1
rand_500_r025_e0896_n1,maps/random_near/rand_500_r025_e0896_n1.json,500,896,0.00358,38,10,5,116,54.59,138,64.04,4,4,0.995,302,274,320,32.47,87.06,3,3,1,1,1,False,f4dfce7c7507,1
rand_500_r025_e0896_n1_predation,maps/random_near/rand_500_r025_e0896_n1_predation.json,500,896,0.00358,38,10,5,116,54.59,138,64.04,4,4,0.995,302,274,320,32.47,87.06,3,3,1,1,1,True,f4dfce7c7507,1
rand_500_r025_e0896_n2,maps/random_near/rand_500_r025_e0896_n2.json,500,896,0.00358,53,14,4,139,56.48,181,59.08,2,3,0.998,440,277,179,15.2,71.68,3,3,1,1,1,False,2bd36964da02,1
rand_500_r025_e0896_n2_predation,maps/random_near/rand_500_r025_e0896_n2_predation.json,500,896,0.00358,53,14,4,139,56.48,181,59.08,2,3,0.998,440,277,179,15.2,71.68,3,3,1,1,1,True,2bd36964da02,1
rand_500_r035_e0448_n1,maps/random_near/rand_500_r035_e0448_n1.json,500,448,0.00179,16,9,30,99,69.93,180,99.95,2,2,1.0,147,141,160,60.89,130.82,3,3,1,1,1,False,e020b2e34dae,1
rand_500_r035_e0448_n1_predation,maps/random_near/rand_500_r035_e0448_n1_predation.json,500,448,0.00179,16,9,30,99,69.93,180,99.95,2,2,1.0,147,141,160,60.89,130.82,3,3,1,1,1,True,e020b2e34dae,1
rand_500_r035_e0448_n2,maps/random_near/rand_500_r035_e0448_n2.json,500,448,0.00179,9,7,51,118,74.35,224,123.21,2,3,0.999,96,92,260,73.57,147.92,3,3,1,1,1,False,96b071cb17dc,1
rand_500_r035_e0448_n2_predation,maps/random_near/rand_500_r035_e0448_n2_predation.json,500,448,0.00179,9,7,51,118,74.35,224,123.21,2,3,0.999,96,92,260,73.57,147.92,3,3,1,1,1,True,96b071cb17dc,1
rand_500_r035_e0896_n1,maps/random_near/rand_500_r035_e0896_n1.json,500,896,0.00358,14,11,82,115,60.07,178,78.1,3,9,0.997,414,235,247,53.34,113.41,3,3,1,1,1,False,e0b4b38a2fa5,1
rand_500_r035_e0896_n1_predation,maps/random_near/rand_500_r035_e0896_n1_predation.json,500,896,0.00358,14,11,82,115,60.07,178,78.1,3,9,0.997,414,235,247,53.34,113.41,3,3,1,1,1,True,e0b4b38a2fa5,1
rand_500_r035_e0896_n2,maps/random_near/rand_500_r035_e0896_n2.json,500,896,0.00358,24,13,21,126,52.55,211,72.11,4,7,0.997,400,225,271,33.74,86.29,3,3,1,1,1,False,5663a0dbaa1e,1
rand_500_r035_e0896_n2_predation,maps/random_near/rand_500_r035_e0896_n2_predation.json,500,896,0.00358,24,13,21,126,52.55,211,72.11,4,7,0.997,400,225,271,33.74,86.29,3,3,1,1,1,True,5663a0dbaa1e,1
rand_500_r050_e0448_n1,maps/random_near/rand_500_r050_e0448_n1.json,500,448,0.00179,10,10,52,64,64.46,196,90.5,3,5,0.998,170,146,132,43.45,107.91,3,3,1,1,1,False,956e508e7200,1
rand_500_r050_e0448_n1_predation,maps/random_near/rand_500_r050_e0448_n1_predation.json,500,448,0.00179,10,10,52,64,64.46,196,90.5,3,5,0.998,170,146,132,43.45,107.91,3,3,1,1,1,True,956e508e7200,1
rand_500_r050_e0448_n2,maps/random_near/rand_500_r050_e0448_n2.json,500,448,0.00179,12,8,35,100,64.57,180,95.87,2,5,0.999,147,158,143,38.54,103.11,3,3,1,1,1,False,7d8a48899302,1
rand_500_r050_e0448_n2_predation,maps/random_near/rand_500_r050_e0448_n2_predation.json,500,448,0.00179,12,8,35,100,64.57,180,95.87,2,5,0.999,147,158,143,38.54,103.11,3,3,1,1,1,True,7d8a48899302,1
rand_500_r050_e0896_n1,maps/random_near/rand_500_r050_e0896_n1.json,500,896,0.00358,22,19,45,113,41.52,131,73.59,4,7,0.998,243,302,351,32.92,74.44,3,3,1,1,1,False,9677a7f18400,1
rand_500_r050_e0896_n1_predation,maps/random_near/rand_500_r050_e0896_n1_predation.json,500,896,0.00358,22,19,45,113,41.52,131,73.59,4,7,0.998,243,302,351,32.92,74.44,3,3,1,1,1,True,9677a7f18400,1
rand_500_r050_e0896_n2,maps/random_near/rand_500_r050_e0896_n2.json,500,896,0.00358,29,17,26,139,43.08,115,83.27,3,9,0.998,292,269,335,32.35,75.44,3,3,1,1,1,False,10cc71bee9f7,1
rand_500_r050_e0896_n2_predation,maps/random_near/rand_500_r050_e0896_n2_predation.json,500,896,0.00358,29,17,26,139,43.08,115,83.27,3,9,0.998,292,269,335,32.35,75.44,3,3,1,1,1,True,10cc71bee9f7,1
rand_500_r100_e0448_n1,maps/random_near/rand_500_r100_e0448_n1.json,500,448,0.00179,30,16,16,30,42.98,110,65.82,1,8,0.999,179,126,143,25.43,68.4,3,3,1,1,1,False,8ef1eed83a20,1
rand_500_r100_e0448_n1_predation,maps/random_near/rand_500_r100_e0448_n1_predation.json,500,448,0.00179,30,16,16,30,42.98,110,65.82,1,8,0.999,179,126,143,25.43,68.4,3,3,1,1,1,True,8ef1eed83a20,1
rand_500_r100_e0448_n2,maps/random_near/rand_500_r100_e0448_n2.json,500,448,0.00179,27,14,18,30,41.08,144,85.87,1,9,0.999,148,126,174,30.61,71.7,3,3,1,1,1,False,2a526e03106e,1
rand_500_r100_e0448_n2_predation,maps/random_near/rand_500_r100_e0448_n2_predation.json,500,448,0.00179,27,14,18,30,41.08,144,85.87,1,9,0.999,148,126,174,30.61,71.7,3,3,1,1,1,True,2a526e03106e,1
rand_500_r100_e0896_n1,maps/random_near/rand_500_r100_e0896_n1.json,500,896,0.00358,59,26,12,48,27.05,105,50.26,1,13,0.999,246,314,336,20.97,48.02,3,3,1,1,1,False,22feaaf7ddef,1
rand_500_r100_e0896_n1_predation,maps/random_near/rand_500_r100_e0896_n1_predation.json,500,896,0.00358,59,26,12,48,27.05,105,50.26,1,13,0.999,246,314,336,20.97,48.02,3,3,1,1,1,True,22feaaf7ddef,1
rand_500_r100_e0896_n2,maps/random_near/rand_500_r100_e0896_n2.json,500,896,0.00358,56,30,17,39,27.11,79,49.75,1,12,0.999,308,313,275,18.64,45.75,3,3,1,1,1,False,e6fc37239482,1
rand_500_r100_e0896_n2_predation,maps/random_near/rand_500_r100_e0896_n2_predation.json,500,896,0.00358,56,30,17,39,27.11,79,49.75,1,12,0.999,308,313,275,18.64,45.75,3,3,1,1,1,True,e6fc37239482,1
rand_500_r035_e0168_n1,maps/random_sweep/rand_500_r035_e0168_n1.json,500,168,0.00067,4,3,42,84,140.82,356,95.96,1,1,1.0,86,42,40,66.11,206.93,3,3,1,1,1,False,4f951ba47257,1
rand_500_r035_e0168_n1_predation,maps/random_sweep/rand_500_r035_e0168_n1_predation.json,500,168,0.00067,4,3,42,84,140.82,356,95.96,1,1,1.0,86,42,40,66.11,206.93,3,3,1,1,1,True,4f951ba47257,1
rand_500_r035_e0168_n2,maps/random_sweep/rand_500_r035_e0168_n2.json,500,168,0.00067,3,3,46,85,134.3,421,278.26,1,2,1.0,37,46,85,137.18,271.48,3,3,1,1,1,False,40605292531b,1
rand_500_r035_e0168_n2_predation,maps/random_sweep/rand_500_r035_e0168_n2_predation.json,500,168,0.00067,3,3,46,85,134.3,421,278.26,1,2,1.0,37,46,85,137.18,271.48,3,3,1,1,1,True,40605292531b,1
rand_500_r035_e0336_n1,maps/random_sweep/rand_500_r035_e0336_n1.json,500,336,0.00134,11,7,23,100,70.8,180,120.1,1,2,1.0,75,111,150,60.96,131.76,3,3,1,1,1,False,73482aad00b0,1
rand_500_r035_e0336_n1_predation,maps/random_sweep/rand_500_r035_e0336_n1_predation.json,500,336,0.00134,11,7,23,100,70.8,180,120.1,1,2,1.0,75,111,150,60.96,131.76,3,3,1,1,1,True,73482aad00b0,1
rand_500_r035_e0336_n2,maps/random_sweep/rand_500_r035_e0336_n2.json,500,336,0.00134,5,4,73,115,95.44,254,237.73,3,3,0.998,155,108,73,81.1,176.53,3,3,1,1,1,False,2268a5822cce,1
rand_500_r035_e0336_n2_predation,maps/random_sweep/rand_500_r035_e0336_n2_predation.json,500,336,0.00134,5,4,73,115,95.44,254,237.73,3,3,0.998,155,108,73,81.1,176.53,3,3,1,1,1,True,2268a5822cce,1
rand_500_r035_e0672_n1,maps/random_sweep/rand_500_r035_e0672_n1.json,500,672,0.00269,15,10,40,103,68.1,179,90.78,2,3,0.999,156,225,291,52.18,120.28,3,3,1,1,1,False,849951a728c2,1
rand_500_r035_e0672_n1_predation,maps/random_sweep/rand_500_r035_e0672_n1_predation.json,500,672,0.00269,15,10,40,103,68.1,179,90.78,2,3,0.999,156,225,291,52.18,120.28,3,3,1,1,1,True,849951a728c2,1
rand_500_r035_e0672_n2,maps/random_sweep/rand_500_r035_e0672_n2.json,500,672,0.00269,11,8,58,145,61.7,216,119.26,3,5,0.997,194,261,217,55.98,117.68,3,3,1,1,1,False,9c9d89370947,1
rand_500_r035_e0672_n2_predation,maps/random_sweep/rand_500_r035_e0672_n2_predation.json,500,672,0.00269,11,8,58,145,61.7,216,119.26,3,5,0.997,194,261,217,55.98,117.68,3,3,1,1,1,True,9c9d89370947,1
rand_500_r050_e0168_n1,maps/random_sweep/rand_500_r050_e0168_n1.json,500,168,0.00067,4,4,45,46,107.72,234,133.81,1,1,1.0,91,45,32,61.15,168.87,3,3,1,1,1,False,d84cc88285ae,1
rand_500_r050_e0168_n1_predation,maps/random_sweep/rand_500_r050_e0168_n1_predation.json,500,168,0.00067,4,4,45,46,107.72,234,133.81,1,1,1.0,91,45,32,61.15,168.87,3,3,1,1,1,True,d84cc88285ae,1
rand_500_r050_e0168_n2,maps/random_sweep/rand_500_r050_e0168_n2.json,500,168,0.00067,3,3,48,72,125.74,294,150.62,2,3,0.999,72,48,48,60.52,186.26,3,3,1,1,1,False,42c0d1026808,1
rand_500_r050_e0168_n2_predation,maps/random_sweep/rand_500_r050_e0168_n2_predation.json,500,168,0.00067,3,3,48,72,125.74,294,150.62,2,3,0.999,72,48,48,60.52,186.26,3,3,1,1,1,True,42c0d1026808,1
rand_500_r050_e0336_n1,maps/random_sweep/rand_500_r050_e0336_n1.json,500,336,0.00134,7,6,53,60,77.72,215,131.01,5,7,0.998,160,104,72,54.02,131.73,3,3,1,1,1,False,d5f3958e1548,1
rand_500_r050_e0336_n1_predation,maps/random_sweep/rand_500_r050_e0336_n1_predation.json,500,336,0.00134,7,6,53,60,77.72,215,131.01,5,7,0.998,160,104,72,54.02,131.73,3,3,1,1,1,True,d5f3958e1548,1
rand_500_r050_e0336_n2,maps/random_sweep/rand_500_r050_e0336_n2.json,500,336,0.00134,8,6,49,93,90.94,292,137.06,1,3,1.0,159,82,95,35.68,126.62,3,3,1,1,1,False,93b6695f311e,1
rand_500_r050_e0336_n2_predation,maps/random_sweep/rand_500_r050_e0336_n2_predation.json,500,336,0.00134,8,6,49,93,90.94,292,137.06,1,3,1.0,159,82,95,35.68,126.62,3,3,1,1,1,True,93b6695f311e,1
rand_500_r050_e0672_n1,maps/random_sweep/rand_500_r050_e0672_n1.json,500,672,0.00269,17,12,43,89,45.41,134,86.37,2,7,0.998,228,221,223,39.05,84.46,3,3,1,1,1,False,2dfe45120fbb,1
rand_500_r050_e0672_n1_predation,maps/random_sweep/rand_500_r050_e0672_n1_predation.json,500,672,0.00269,17,12,43,89,45.41,134,86.37,2,7,0.998,228,221,223,39.05,84.46,3,3,1,1,1,True,2dfe45120fbb,1
rand_500_r050_e0672_n2,maps/random_sweep/rand_500_r050_e0672_n2.json,500,672,0.00269,17,13,33,146,57.43,170,76.35,2,6,0.999,203,361,108,31.41,88.83,3,3,1,1,1,False,2482bc37eaa2,1
rand_500_r050_e0672_n2_predation,maps/random_sweep/rand_500_r050_e0672_n2_predation.json,500,672,0.00269,17,13,33,146,57.43,170,76.35,2,6,0.999,203,361,108,31.41,88.83,3,3,1,1,1,True,2482bc37eaa2,1
rand_500_r100_e0168_n1,maps/random_sweep/rand_500_r100_e0168_n1.json,500,168,0.00067,10,6,20,27,97.67,347,83.8,1,5,1.0,59,59,50,56.03,153.7,3,3,1,1,1,False,102c1133f589,1
rand_500_r100_e0168_n1_predation,maps/random_sweep/rand_500_r100_e0168_n1_predation.json,500,168,0.00067,10,6,20,27,97.67,347,83.8,1,5,1.0,59,59,50,56.03,153.7,3,3,1,1,1,True,102c1133f589,1
rand_500_r100_e0168_n2,maps/random_sweep/rand_500_r100_e0168_n2.json,500,168,0.00067,10,7,24,25,59.72,146,152.65,1,6,1.0,75,31,62,53.16,112.88,3,3,1,1,1,False,69617099ac6b,1
rand_500_r100_e0168_n2_predation,maps/random_sweep/rand_500_r100_e0168_n2_predation.json,500,168,0.00067,10,7,24,25,59.72,146,152.65,1,6,1.0,75,31,62,53.16,112.88,3,3,1,1,1,True,69617099ac6b,1
rand_500_r100_e0336_n1,maps/random_sweep/rand_500_r100_e0336_n1.json,500,336,0.00134,19,11,22,29,53.94,157,69.5,1,7,0.999,124,121,91,42.41,96.36,3,3,1,1,1,False,123820b84c0d,1
rand_500_r100_e0336_n1_predation,maps/random_sweep/rand_500_r100_e0336_n1_predation.json,500,336,0.00134,19,11,22,29,53.94,157,69.5,1,7,0.999,124,121,91,42.41,96.36,3,3,1,1,1,True,123820b84c0d,1
rand_500_r100_e0336_n2,maps/random_sweep/rand_500_r100_e0336_n2.json,500,336,0.00134,21,11,16,29,47.8,144,106.52,1,9,0.999,91,143,102,52.96,100.76,3,3,1,1,1,False,731a8e1d2e00,1
rand_500_r100_e0336_n2_predation,maps/random_sweep/rand_500_r100_e0336_n2_predation.json,500,336,0.00134,21,11,16,29,47.8,144,106.52,1,9,0.999,91,143,102,52.96,100.76,3,3,1,1,1,True,731a8e1d2e00,1
rand_500_r100_e0672_n1,maps/random_sweep/rand_500_r100_e0672_n1.json,500,672,0.00269,45,19,13,37,33.24,106,70.9,1,10,0.999,222,294,156,22.91,56.15,3,3,1,1,1,False,c35d30f1ad2f,1
rand_500_r100_e0672_n1_predation,maps/random_sweep/rand_500_r100_e0672_n1_predation.json,500,672,0.00269,45,19,13,37,33.24,106,70.9,1,10,0.999,222,294,156,22.91,56.15,3,3,1,1,1,True,c35d30f1ad2f,1
rand_500_r100_e0672_n2,maps/random_sweep/rand_500_r100_e0672_n2.json,500,672,0.00269,48,21,12,37,29.62,80,63.21,1,10,0.999,188,315,169,18.62,48.24,3,3,1,1,1,False,025f8ce9985b,1
rand_500_r100_e0672_n2_predation,maps/random_sweep/rand_500_r100_e0672_n2_predation.json,500,672,0.00269,48,21,12,37,29.62,80,63.21,1,10,0.999,188,315,169,18.62,48.24,3,3,1,1,1,True,025f8ce9985b,1
